"pdb","variable","value"
"1RD8_X","sum.bfSC",21926.0376785711
"1RD8_X","mean.bfSC",43.6773658935679
"1RD8_X","median.bfSC",40.292
"1RD8_X","sd.bfSC",16.3499651116202
"1RD8_X","r.bfSC.hbe",0.284203255034807
"1RD8_X","r.bfSC.hpshh",0.325492686865393
"1RD8_X","r.bfSC.rsa",0.344882050756337
"1RD8_X","r.bfSC.seqent",0.104163440292878
"1RD8_X","r.bfSC.varea",0.35291259086438
"1RD8_X","r.bfSC.veccentricity",0.369084145703425
"1RD8_X","r.bfSC.vedge",0.334266684367107
"1RD8_X","r.bfSC.vnfaces",0.0586176713714266
"1RD8_X","r.bfSC.vsphericity",-0.358833979507042
"1RD8_X","r.bfSC.vsphericitym",-0.37449899494855
"1RD8_X","r.bfSC.vvolume",0.341256540695921
"1RD8_X","r.bfSC.wcnSC",-0.33080333188148
"1RD8_X","sum.hbe",-343.725
"1RD8_X","mean.hbe",-0.684711155378486
"1RD8_X","median.hbe",-0.65
"1RD8_X","sd.hbe",0.440761301822983
"1RD8_X","r.hbe.hpshh",0.12882368049954
"1RD8_X","r.hbe.rsa",0.401052175844827
"1RD8_X","r.hbe.seqent",0.0735601745922018
"1RD8_X","r.hbe.varea",0.310710605295511
"1RD8_X","r.hbe.veccentricity",0.314033752948862
"1RD8_X","r.hbe.vedge",0.288701578388472
"1RD8_X","r.hbe.vnfaces",0.0646235423884926
"1RD8_X","r.hbe.vsphericity",-0.252031597840316
"1RD8_X","r.hbe.vsphericitym",-0.33292574061895
"1RD8_X","r.hbe.vvolume",0.299548814111053
"1RD8_X","r.hbe.wcnSC",-0.206881477907328
"1RD8_X","sum.hpshh",549.07
"1RD8_X","mean.hpshh",1.09376494023904
"1RD8_X","median.hpshh",0.74
"1RD8_X","sd.hpshh",1.26619740041286
"1RD8_X","r.hpshh.rsa",0.38628003482341
"1RD8_X","r.hpshh.seqent",-0.0143651775544121
"1RD8_X","r.hpshh.varea",0.388294967363842
"1RD8_X","r.hpshh.veccentricity",0.364345533865136
"1RD8_X","r.hpshh.vedge",0.357884396044839
"1RD8_X","r.hpshh.vnfaces",-0.0164203918422127
"1RD8_X","r.hpshh.vsphericity",-0.398227928995308
"1RD8_X","r.hpshh.vsphericitym",-0.409546043150367
"1RD8_X","r.hpshh.vvolume",0.373625457004108
"1RD8_X","r.hpshh.wcnSC",-0.392086078687936
"1RD8_X","sum.rsa",126.739474630501
"1RD8_X","mean.rsa",0.252469072969126
"1RD8_X","median.rsa",0.210897435897
"1RD8_X","sd.rsa",0.223211649183265
"1RD8_X","r.rsa.seqent",-0.152661752259596
"1RD8_X","r.rsa.varea",0.938321557239297
"1RD8_X","r.rsa.veccentricity",0.884657039738361
"1RD8_X","r.rsa.vedge",0.896387151764043
"1RD8_X","r.rsa.vnfaces",0.0758041607337235
"1RD8_X","r.rsa.vsphericity",-0.777810435102581
"1RD8_X","r.rsa.vsphericitym",-0.889667747735121
"1RD8_X","r.rsa.vvolume",0.93131298199755
"1RD8_X","r.rsa.wcnSC",-0.840821032521899
"1RD8_X","sum.seqent",92.4901864004206
"1RD8_X","mean.seqent",0.184243399204025
"1RD8_X","median.seqent",0.0155157292726
"1RD8_X","sd.seqent",0.333525466292481
"1RD8_X","r.seqent.varea",-0.12051818570129
"1RD8_X","r.seqent.veccentricity",-0.0523130508178367
"1RD8_X","r.seqent.vedge",-0.106505369995302
"1RD8_X","r.seqent.vnfaces",0.00425000006067948
"1RD8_X","r.seqent.vsphericity",0.0871180471897294
"1RD8_X","r.seqent.vsphericitym",0.0886504471363651
"1RD8_X","r.seqent.vvolume",-0.124940227742673
"1RD8_X","r.seqent.wcnSC",0.172825843310906
"1RD8_X","sum.varea",1349.38878151029
"1RD8_X","mean.varea",2.68802546117587
"1RD8_X","median.varea",2.42222443491631
"1RD8_X","sd.varea",0.549010660326577
"1RD8_X","r.varea.veccentricity",0.938198421181763
"1RD8_X","r.varea.vedge",0.971245053268553
"1RD8_X","r.varea.vnfaces",0.109759189176693
"1RD8_X","r.varea.vsphericity",-0.795381680857432
"1RD8_X","r.varea.vsphericitym",-0.914239495631123
"1RD8_X","r.varea.vvolume",0.99638526405325
"1RD8_X","r.varea.wcnSC",-0.882628697599929
"1RD8_X","sum.veccentricity",4062.31321803796
"1RD8_X","mean.veccentricity",8.09225740645012
"1RD8_X","median.veccentricity",1.76286225424
"1RD8_X","sd.veccentricity",10.6471378063543
"1RD8_X","r.veccentricity.vedge",0.915475700689479
"1RD8_X","r.veccentricity.vnfaces",0.0835181446170323
"1RD8_X","r.veccentricity.vsphericity",-0.789060185253913
"1RD8_X","r.veccentricity.vsphericitym",-0.89218758589053
"1RD8_X","r.veccentricity.vvolume",0.934244190130349
"1RD8_X","r.veccentricity.wcnSC",-0.824341021172628
"1RD8_X","sum.vedge",1103.67382010486
"1RD8_X","mean.vedge",2.19855342650371
"1RD8_X","median.vedge",2.04929750679257
"1RD8_X","sd.vedge",0.293499783122284
"1RD8_X","r.vedge.vnfaces",0.257671968564997
"1RD8_X","r.vedge.vsphericity",-0.726263425868517
"1RD8_X","r.vedge.vsphericitym",-0.85094881603688
"1RD8_X","r.vedge.vvolume",0.980506847990637
"1RD8_X","r.vedge.wcnSC",-0.832312440985275
"1RD8_X","sum.vnfaces",6966
"1RD8_X","mean.vnfaces",13.8764940239044
"1RD8_X","median.vnfaces",14
"1RD8_X","sd.vnfaces",2.59292089763674
"1RD8_X","r.vnfaces.vsphericity",0.193800765880187
"1RD8_X","r.vnfaces.vsphericitym",0.0476459496664836
"1RD8_X","r.vnfaces.vvolume",0.146528033573479
"1RD8_X","r.vnfaces.wcnSC",0.0603029153255676
"1RD8_X","sum.vsphericity",382.126286178579
"1RD8_X","mean.vsphericity",0.761207741391592
"1RD8_X","median.vsphericity",0.789495794778832
"1RD8_X","sd.vsphericity",0.0997058525238681
"1RD8_X","r.vsphericity.vsphericitym",0.87140705164248
"1RD8_X","r.vsphericity.vvolume",-0.762146542459583
"1RD8_X","r.vsphericity.wcnSC",0.750813154330216
"1RD8_X","sum.vsphericitym",210.658983423626
"1RD8_X","mean.vsphericitym",0.419639409210411
"1RD8_X","median.vsphericitym",0.777874259353341
"1RD8_X","sd.vsphericitym",0.643495391330375
"1RD8_X","r.vsphericitym.vvolume",-0.889629847415495
"1RD8_X","r.vsphericitym.wcnSC",0.858211515315389
"1RD8_X","sum.vvolume",1416.36280115679
"1RD8_X","mean.vvolume",2.82143984294181
"1RD8_X","median.vvolume",2.45120819134977
"1RD8_X","sd.vvolume",0.768467084026919
"1RD8_X","r.vvolume.wcnSC",-0.871188689605336
"1RD8_X","sum.wcnSC",480.802777717117
"1RD8_X","mean.wcnSC",0.957774457603819
"1RD8_X","median.wcnSC",0.975768162916
"1RD8_X","sd.wcnSC",0.209571770747827
"2FP7_B","sum.bfSC",4207.647690476
"2FP7_B","mean.bfSC",28.6234536767075
"2FP7_B","median.bfSC",26.72
"2FP7_B","sd.bfSC",5.75369845289138
"2FP7_B","r.bfSC.hbe",0.336049704729933
"2FP7_B","r.bfSC.hpshh",0.364218282982141
"2FP7_B","r.bfSC.rsa",0.590674643750891
"2FP7_B","r.bfSC.seqent",0.015039045015682
"2FP7_B","r.bfSC.varea",0.613892637924095
"2FP7_B","r.bfSC.veccentricity",0.597226459235375
"2FP7_B","r.bfSC.vedge",0.58401894235999
"2FP7_B","r.bfSC.vnfaces",0.0149206362207883
"2FP7_B","r.bfSC.vsphericity",-0.425874417142006
"2FP7_B","r.bfSC.vsphericitym",-0.587028034805998
"2FP7_B","r.bfSC.vvolume",0.611235466900896
"2FP7_B","r.bfSC.wcnSC",-0.644401019653836
"2FP7_B","sum.hbe",-106.475
"2FP7_B","mean.hbe",-0.724319727891157
"2FP7_B","median.hbe",-0.6
"2FP7_B","sd.hbe",0.55829628293555
"2FP7_B","r.hbe.hpshh",0.466690078713828
"2FP7_B","r.hbe.rsa",0.59080494644158
"2FP7_B","r.hbe.seqent",-0.0179261418555427
"2FP7_B","r.hbe.varea",0.515162513447617
"2FP7_B","r.hbe.veccentricity",0.518328341944292
"2FP7_B","r.hbe.vedge",0.476297479789628
"2FP7_B","r.hbe.vnfaces",-0.129410091138195
"2FP7_B","r.hbe.vsphericity",-0.476439233304404
"2FP7_B","r.hbe.vsphericitym",-0.560060576694493
"2FP7_B","r.hbe.vvolume",0.495837252571325
"2FP7_B","r.hbe.wcnSC",-0.503406421955485
"2FP7_B","sum.hpshh",147.63
"2FP7_B","mean.hpshh",1.00428571428571
"2FP7_B","median.hpshh",0.74
"2FP7_B","sd.hpshh",1.21577755715968
"2FP7_B","r.hpshh.rsa",0.432115602582438
"2FP7_B","r.hpshh.seqent",0.0977103883820781
"2FP7_B","r.hpshh.varea",0.432035112052154
"2FP7_B","r.hpshh.veccentricity",0.454032073730588
"2FP7_B","r.hpshh.vedge",0.403608706684515
"2FP7_B","r.hpshh.vnfaces",-0.0561921587514748
"2FP7_B","r.hpshh.vsphericity",-0.425723187675663
"2FP7_B","r.hpshh.vsphericitym",-0.512848594271887
"2FP7_B","r.hpshh.vvolume",0.417471641193673
"2FP7_B","r.hpshh.wcnSC",-0.428522800980191
"2FP7_B","sum.rsa",43.7999989798112
"2FP7_B","mean.rsa",0.29795917673341
"2FP7_B","median.rsa",0.278846153846
"2FP7_B","sd.rsa",0.254666383911689
"2FP7_B","r.rsa.seqent",0.0355099406141095
"2FP7_B","r.rsa.varea",0.915078431648036
"2FP7_B","r.rsa.veccentricity",0.87604488597609
"2FP7_B","r.rsa.vedge",0.881647561239551
"2FP7_B","r.rsa.vnfaces",0.0589744881263698
"2FP7_B","r.rsa.vsphericity",-0.684718722139331
"2FP7_B","r.rsa.vsphericitym",-0.860236460595274
"2FP7_B","r.rsa.vvolume",0.912064430207282
"2FP7_B","r.rsa.wcnSC",-0.920335309416316
"2FP7_B","sum.seqent",1.1386042016376
"2FP7_B","mean.seqent",0.00774560681386122
"2FP7_B","median.seqent",0
"2FP7_B","sd.seqent",0.0224233852902817
"2FP7_B","r.seqent.varea",0.0659230720949083
"2FP7_B","r.seqent.veccentricity",0.0690160369821184
"2FP7_B","r.seqent.vedge",0.0669245386993574
"2FP7_B","r.seqent.vnfaces",-0.0231768264349585
"2FP7_B","r.seqent.vsphericity",-0.110546243925803
"2FP7_B","r.seqent.vsphericitym",-0.120727821071035
"2FP7_B","r.seqent.vvolume",0.0646695967435386
"2FP7_B","r.seqent.wcnSC",-0.0487550731614955
"2FP7_B","sum.varea",408.973696199694
"2FP7_B","mean.varea",2.78213398775302
"2FP7_B","median.varea",2.5486596163431
"2FP7_B","sd.varea",0.611494088476597
"2FP7_B","r.varea.veccentricity",0.954068410037099
"2FP7_B","r.varea.vedge",0.982364808196511
"2FP7_B","r.varea.vnfaces",0.0943534081031887
"2FP7_B","r.varea.vsphericity",-0.713261906021202
"2FP7_B","r.varea.vsphericitym",-0.917252869307664
"2FP7_B","r.varea.vvolume",0.99667450894508
"2FP7_B","r.varea.wcnSC",-0.945526600125426
"2FP7_B","sum.veccentricity",1433.51187722209
"2FP7_B","mean.veccentricity",9.75178147770127
"2FP7_B","median.veccentricity",3.2220731044
"2FP7_B","sd.veccentricity",11.3832692895844
"2FP7_B","r.veccentricity.vedge",0.940388669351487
"2FP7_B","r.veccentricity.vnfaces",0.0522727849616549
"2FP7_B","r.veccentricity.vsphericity",-0.717670703972074
"2FP7_B","r.veccentricity.vsphericitym",-0.904925613340486
"2FP7_B","r.veccentricity.vvolume",0.95269604671786
"2FP7_B","r.veccentricity.wcnSC",-0.896092905877642
"2FP7_B","sum.vedge",329.035170947789
"2FP7_B","mean.vedge",2.23833449624346
"2FP7_B","median.vedge",2.12637820608889
"2FP7_B","sd.vedge",0.313766502983878
"2FP7_B","r.vedge.vnfaces",0.204580387322893
"2FP7_B","r.vedge.vsphericity",-0.668271010736764
"2FP7_B","r.vedge.vsphericitym",-0.881438469501092
"2FP7_B","r.vedge.vvolume",0.986353302965803
"2FP7_B","r.vedge.wcnSC",-0.905140953086159
"2FP7_B","sum.vnfaces",1973
"2FP7_B","mean.vnfaces",13.421768707483
"2FP7_B","median.vnfaces",13
"2FP7_B","sd.vnfaces",2.16739591893706
"2FP7_B","r.vnfaces.vsphericity",0.27188455802301
"2FP7_B","r.vnfaces.vsphericitym",0.0867202676132087
"2FP7_B","r.vnfaces.vvolume",0.124351366634664
"2FP7_B","r.vnfaces.wcnSC",0.00785275799219366
"2FP7_B","sum.vsphericity",110.555854400739
"2FP7_B","mean.vsphericity",0.752080642181898
"2FP7_B","median.vsphericity",0.768188664318798
"2FP7_B","sd.vsphericity",0.0984600437110909
"2FP7_B","r.vsphericity.vsphericitym",0.772586117008818
"2FP7_B","r.vsphericity.vvolume",-0.681875837630205
"2FP7_B","r.vsphericity.wcnSC",0.672898926323584
"2FP7_B","sum.vsphericitym",45.8800536093041
"2FP7_B","mean.vsphericitym",0.312109208226559
"2FP7_B","median.vsphericitym",0.729302863572189
"2FP7_B","sd.vsphericitym",0.693624144598363
"2FP7_B","r.vsphericitym.vvolume",-0.898069590693937
"2FP7_B","r.vsphericitym.wcnSC",0.883157409576196
"2FP7_B","sum.vvolume",434.361174334258
"2FP7_B","mean.vvolume",2.95483792064121
"2FP7_B","median.vvolume",2.60097398414273
"2FP7_B","sd.vvolume",0.872333991251518
"2FP7_B","r.vvolume.wcnSC",-0.941957383468923
"2FP7_B","sum.wcnSC",109.62688026675
"2FP7_B","mean.wcnSC",0.74576109025
"2FP7_B","median.wcnSC",0.729317094197
"2FP7_B","sd.wcnSC",0.200868188170789
"2JLY_A","sum.bfSC",15956.7420833334
"2JLY_A","mean.bfSC",35.3808028455286
"2JLY_A","median.bfSC",34.516
"2JLY_A","sd.bfSC",5.22467923075351
"2JLY_A","r.bfSC.hbe",0.263100948392779
"2JLY_A","r.bfSC.hpshh",0.253158259710446
"2JLY_A","r.bfSC.rsa",0.489481420022253
"2JLY_A","r.bfSC.seqent",0.0712660594112201
"2JLY_A","r.bfSC.varea",0.476855194570978
"2JLY_A","r.bfSC.veccentricity",0.459573289646744
"2JLY_A","r.bfSC.vedge",0.43225419495655
"2JLY_A","r.bfSC.vnfaces",-0.043119922470287
"2JLY_A","r.bfSC.vsphericity",-0.370221511423127
"2JLY_A","r.bfSC.vsphericitym",-0.397898723292357
"2JLY_A","r.bfSC.vvolume",0.478205112985455
"2JLY_A","r.bfSC.wcnSC",-0.495569088035191
"2JLY_A","sum.hbe",-313.175
"2JLY_A","mean.hbe",-0.69440133037694
"2JLY_A","median.hbe",-0.6
"2JLY_A","sd.hbe",0.490623726289533
"2JLY_A","r.hbe.hpshh",0.262289951416646
"2JLY_A","r.hbe.rsa",0.538653136453711
"2JLY_A","r.hbe.seqent",0.03140600109439
"2JLY_A","r.hbe.varea",0.431278799191767
"2JLY_A","r.hbe.veccentricity",0.389862464184572
"2JLY_A","r.hbe.vedge",0.404935022169517
"2JLY_A","r.hbe.vnfaces",0.0728695788213754
"2JLY_A","r.hbe.vsphericity",-0.352440418831086
"2JLY_A","r.hbe.vsphericitym",-0.399455817249281
"2JLY_A","r.hbe.vvolume",0.423315617729496
"2JLY_A","r.hbe.wcnSC",-0.341204711565307
"2JLY_A","sum.hpshh",529.96
"2JLY_A","mean.hpshh",1.17507760532151
"2JLY_A","median.hpshh",0.74
"2JLY_A","sd.hpshh",1.36055403117326
"2JLY_A","r.hpshh.rsa",0.465624751713237
"2JLY_A","r.hpshh.seqent",-0.0124513828924846
"2JLY_A","r.hpshh.varea",0.435774318873293
"2JLY_A","r.hpshh.veccentricity",0.408199792916915
"2JLY_A","r.hpshh.vedge",0.42003195401336
"2JLY_A","r.hpshh.vnfaces",0.0306017464911852
"2JLY_A","r.hpshh.vsphericity",-0.426530168099815
"2JLY_A","r.hpshh.vsphericitym",-0.441753580050732
"2JLY_A","r.hpshh.vvolume",0.423240727638224
"2JLY_A","r.hpshh.wcnSC",-0.372165849213016
"2JLY_A","sum.rsa",105.266619555318
"2JLY_A","mean.rsa",0.233407138703587
"2JLY_A","median.rsa",0.165254237288
"2JLY_A","sd.rsa",0.226784688409711
"2JLY_A","r.rsa.seqent",-0.00638102399772205
"2JLY_A","r.rsa.varea",0.93096258993764
"2JLY_A","r.rsa.veccentricity",0.86950601172231
"2JLY_A","r.rsa.vedge",0.879747575855924
"2JLY_A","r.rsa.vnfaces",0.0896070772046425
"2JLY_A","r.rsa.vsphericity",-0.785777098073451
"2JLY_A","r.rsa.vsphericitym",-0.843562574670677
"2JLY_A","r.rsa.vvolume",0.923346380362383
"2JLY_A","r.rsa.wcnSC",-0.803248187532272
"2JLY_A","sum.seqent",100.123809824086
"2JLY_A","mean.seqent",0.222004012913717
"2JLY_A","median.seqent",0.00371170714728
"2JLY_A","sd.seqent",0.359259944697626
"2JLY_A","r.seqent.varea",0.0361773069945065
"2JLY_A","r.seqent.veccentricity",-0.000645502801522308
"2JLY_A","r.seqent.vedge",0.0215820467479961
"2JLY_A","r.seqent.vnfaces",-0.0311507071970961
"2JLY_A","r.seqent.vsphericity",0.0166857979422398
"2JLY_A","r.seqent.vsphericitym",-0.0300544547990429
"2JLY_A","r.seqent.vvolume",0.0436038417064905
"2JLY_A","r.seqent.wcnSC",-0.0552487873824253
"2JLY_A","sum.varea",1183.04909406414
"2JLY_A","mean.varea",2.62316872298035
"2JLY_A","median.varea",2.35454827580032
"2JLY_A","sd.varea",0.537183260313295
"2JLY_A","r.varea.veccentricity",0.901644163466442
"2JLY_A","r.varea.vedge",0.955458990212441
"2JLY_A","r.varea.vnfaces",0.10445363592908
"2JLY_A","r.varea.vsphericity",-0.818712360559372
"2JLY_A","r.varea.vsphericitym",-0.880142942924048
"2JLY_A","r.varea.vvolume",0.995133364569504
"2JLY_A","r.varea.wcnSC",-0.878261643357654
"2JLY_A","sum.veccentricity",3180.9513397302
"2JLY_A","mean.veccentricity",7.05310718343726
"2JLY_A","median.veccentricity",1.07748369858
"2JLY_A","sd.veccentricity",10.6423884953392
"2JLY_A","r.veccentricity.vedge",0.87321262069909
"2JLY_A","r.veccentricity.vnfaces",0.0550554401266519
"2JLY_A","r.veccentricity.vsphericity",-0.783714067068265
"2JLY_A","r.veccentricity.vsphericitym",-0.83791260326119
"2JLY_A","r.veccentricity.vvolume",0.898890960108314
"2JLY_A","r.veccentricity.wcnSC",-0.781925318368228
"2JLY_A","sum.vedge",976.738583513813
"2JLY_A","mean.vedge",2.16571748007497
"2JLY_A","median.vedge",2.02734960777476
"2JLY_A","sd.vedge",0.283211197511699
"2JLY_A","r.vedge.vnfaces",0.284392855485596
"2JLY_A","r.vedge.vsphericity",-0.71515886411576
"2JLY_A","r.vedge.vsphericitym",-0.780307241865251
"2JLY_A","r.vedge.vvolume",0.969360548154562
"2JLY_A","r.vedge.wcnSC",-0.798309060766604
"2JLY_A","sum.vnfaces",6409
"2JLY_A","mean.vnfaces",14.2106430155211
"2JLY_A","median.vnfaces",14
"2JLY_A","sd.vnfaces",2.46621118025449
"2JLY_A","r.vnfaces.vsphericity",0.173869118889085
"2JLY_A","r.vnfaces.vsphericitym",0.106157257261025
"2JLY_A","r.vnfaces.vvolume",0.142162901324068
"2JLY_A","r.vnfaces.wcnSC",0.0650460813314174
"2JLY_A","sum.vsphericity",350.686520026689
"2JLY_A","mean.vsphericity",0.777575432431683
"2JLY_A","median.vsphericity",0.807591813284501
"2JLY_A","sd.vsphericity",0.0906233311140142
"2JLY_A","r.vsphericity.vsphericitym",0.932325543368065
"2JLY_A","r.vsphericity.vvolume",-0.77533910222449
"2JLY_A","r.vsphericity.wcnSC",0.760983981843037
"2JLY_A","sum.vsphericitym",217.86127475754
"2JLY_A","mean.vsphericitym",0.483062693475699
"2JLY_A","median.vsphericitym",0.806465060958264
"2JLY_A","sd.vsphericitym",0.616694112782519
"2JLY_A","r.vsphericitym.vvolume",-0.842397425583266
"2JLY_A","r.vsphericitym.wcnSC",0.824166159762965
"2JLY_A","sum.vvolume",1235.38081891182
"2JLY_A","mean.vvolume",2.73920358960493
"2JLY_A","median.vvolume",2.35741643201123
"2JLY_A","sd.vvolume",0.752598396552781
"2JLY_A","r.vvolume.wcnSC",-0.867590212507113
"2JLY_A","sum.wcnSC",496.807779926342
"2JLY_A","mean.wcnSC",1.10156935682116
"2JLY_A","median.wcnSC",1.10540863975
"2JLY_A","sd.wcnSC",0.271688898235091
"2Z83_A","sum.bfSC",33974.036476191
"2Z83_A","mean.bfSC",39.8756296668908
"2Z83_A","median.bfSC",37.47125
"2Z83_A","sd.bfSC",11.4356488937589
"2Z83_A","r.bfSC.hbe",0.300394886608176
"2Z83_A","r.bfSC.hpshh",0.319555955636461
"2Z83_A","r.bfSC.rsa",0.598982033057765
"2Z83_A","r.bfSC.seqent",-0.0297426218323313
"2Z83_A","r.bfSC.varea",0.558111316862954
"2Z83_A","r.bfSC.veccentricity",0.504174653030004
"2Z83_A","r.bfSC.vedge",0.510815327578251
"2Z83_A","r.bfSC.vnfaces",-0.0167221801065162
"2Z83_A","r.bfSC.vsphericity",-0.451943186828964
"2Z83_A","r.bfSC.vsphericitym",-0.478348875705407
"2Z83_A","r.bfSC.vvolume",0.560233209505819
"2Z83_A","r.bfSC.wcnSC",-0.529231690536475
"2Z83_A","sum.hbe",-638.6
"2Z83_A","mean.hbe",-0.749530516431925
"2Z83_A","median.hbe",-0.725
"2Z83_A","sd.hbe",0.481581819031153
"2Z83_A","r.hbe.hpshh",0.176109019658225
"2Z83_A","r.hbe.rsa",0.536618040866476
"2Z83_A","r.hbe.seqent",-0.16391251163833
"2Z83_A","r.hbe.varea",0.433777033788012
"2Z83_A","r.hbe.veccentricity",0.418427185672686
"2Z83_A","r.hbe.vedge",0.412758524058779
"2Z83_A","r.hbe.vnfaces",0.124773176731355
"2Z83_A","r.hbe.vsphericity",-0.342425265970782
"2Z83_A","r.hbe.vsphericitym",-0.392693171556362
"2Z83_A","r.hbe.vvolume",0.428393715202711
"2Z83_A","r.hbe.wcnSC",-0.321223539095659
"2Z83_A","sum.hpshh",951.2
"2Z83_A","mean.hpshh",1.11643192488263
"2Z83_A","median.hpshh",0.74
"2Z83_A","sd.hpshh",1.33184036946753
"2Z83_A","r.hpshh.rsa",0.450096443268006
"2Z83_A","r.hpshh.seqent",-0.0349092096992212
"2Z83_A","r.hpshh.varea",0.424379293281814
"2Z83_A","r.hpshh.veccentricity",0.415278971938372
"2Z83_A","r.hpshh.vedge",0.401275382605852
"2Z83_A","r.hpshh.vnfaces",-0.0129879085815077
"2Z83_A","r.hpshh.vsphericity",-0.435675182044553
"2Z83_A","r.hpshh.vsphericitym",-0.433747664525883
"2Z83_A","r.hpshh.vvolume",0.416244713660418
"2Z83_A","r.hpshh.wcnSC",-0.343662523945197
"2Z83_A","sum.rsa",206.37620522446
"2Z83_A","mean.rsa",0.242225592986456
"2Z83_A","median.rsa",0.174418604651
"2Z83_A","sd.rsa",0.229583833547002
"2Z83_A","r.rsa.seqent",-0.021916233705788
"2Z83_A","r.rsa.varea",0.928953963808267
"2Z83_A","r.rsa.veccentricity",0.86400290006035
"2Z83_A","r.rsa.vedge",0.88739700037605
"2Z83_A","r.rsa.vnfaces",0.105361281228711
"2Z83_A","r.rsa.vsphericity",-0.763463731210911
"2Z83_A","r.rsa.vsphericitym",-0.838297189703932
"2Z83_A","r.rsa.vvolume",0.92666306515774
"2Z83_A","r.rsa.wcnSC",-0.77904672157714
"2Z83_A","sum.seqent",24.5654993717112
"2Z83_A","mean.seqent",0.0288327457414451
"2Z83_A","median.seqent",0
"2Z83_A","sd.seqent",0.101710071747903
"2Z83_A","r.seqent.varea",-0.00435851399379629
"2Z83_A","r.seqent.veccentricity",-0.01336244492667
"2Z83_A","r.seqent.vedge",0.0121183506803862
"2Z83_A","r.seqent.vnfaces",0.0411957853909157
"2Z83_A","r.seqent.vsphericity",0.0071408802606733
"2Z83_A","r.seqent.vsphericitym",0.0123091858707593
"2Z83_A","r.seqent.vvolume",-0.00173326371868496
"2Z83_A","r.seqent.wcnSC",0.00111976317940942
"2Z83_A","sum.varea",2236.02303118417
"2Z83_A","mean.varea",2.62444017744621
"2Z83_A","median.varea",2.36091183032299
"2Z83_A","sd.varea",0.533161914486567
"2Z83_A","r.varea.veccentricity",0.915137187638851
"2Z83_A","r.varea.vedge",0.961584238762731
"2Z83_A","r.varea.vnfaces",0.0744809994713763
"2Z83_A","r.varea.vsphericity",-0.82543050006888
"2Z83_A","r.varea.vsphericitym",-0.895240294224363
"2Z83_A","r.varea.vvolume",0.99576242411072
"2Z83_A","r.varea.wcnSC",-0.874480984266253
"2Z83_A","sum.veccentricity",5838.60680538125
"2Z83_A","mean.veccentricity",6.85282488894513
"2Z83_A","median.veccentricity",1.203062058565
"2Z83_A","sd.veccentricity",10.4558806547744
"2Z83_A","r.veccentricity.vedge",0.884615654762351
"2Z83_A","r.veccentricity.vnfaces",0.0123899542948332
"2Z83_A","r.veccentricity.vsphericity",-0.796322544718649
"2Z83_A","r.veccentricity.vsphericitym",-0.857892814941724
"2Z83_A","r.veccentricity.vvolume",0.912147601132349
"2Z83_A","r.veccentricity.wcnSC",-0.81824540298687
"2Z83_A","sum.vedge",1845.42735619635
"2Z83_A","mean.vedge",2.16599454952623
"2Z83_A","median.vedge",2.02962270351245
"2Z83_A","sd.vedge",0.282121931973983
"2Z83_A","r.vedge.vnfaces",0.232123234891734
"2Z83_A","r.vedge.vsphericity",-0.730298579531135
"2Z83_A","r.vedge.vsphericitym",-0.805095366998341
"2Z83_A","r.vedge.vvolume",0.973364156913096
"2Z83_A","r.vedge.wcnSC",-0.807980178388759
"2Z83_A","sum.vnfaces",11982
"2Z83_A","mean.vnfaces",14.0633802816901
"2Z83_A","median.vnfaces",14
"2Z83_A","sd.vnfaces",2.59860250447235
"2Z83_A","r.vnfaces.vsphericity",0.214895547863494
"2Z83_A","r.vnfaces.vsphericitym",0.0983676103210124
"2Z83_A","r.vnfaces.vvolume",0.107863176567146
"2Z83_A","r.vnfaces.wcnSC",0.08530363010802
"2Z83_A","sum.vsphericity",660.252868364526
"2Z83_A","mean.vsphericity",0.774944681179021
"2Z83_A","median.vsphericity",0.805765263331772
"2Z83_A","sd.vsphericity",0.0907942432027678
"2Z83_A","r.vsphericity.vsphericitym",0.92851147385761
"2Z83_A","r.vsphericity.vvolume",-0.786207311370635
"2Z83_A","r.vsphericity.wcnSC",0.771415998401208
"2Z83_A","sum.vsphericitym",439.766520324102
"2Z83_A","mean.vsphericitym",0.516157887704345
"2Z83_A","median.vsphericitym",0.804869321035542
"2Z83_A","sd.vsphericitym",0.585454105151581
"2Z83_A","r.vsphericitym.vvolume",-0.860881004445186
"2Z83_A","r.vsphericitym.wcnSC",0.841910168823937
"2Z83_A","sum.vvolume",2333.59069128228
"2Z83_A","mean.vvolume",2.73895621042521
"2Z83_A","median.vvolume",2.37564602100423
"2Z83_A","sd.vvolume",0.748101017213934
"2Z83_A","r.vvolume.wcnSC",-0.864235829635479
"2Z83_A","sum.wcnSC",903.96926445114
"2Z83_A","mean.wcnSC",1.0609967892619
"2Z83_A","median.wcnSC",1.0837773805
"2Z83_A","sd.wcnSC",0.248020962364035
"3GOL_A","sum.bfSC",20289.7915
"3GOL_A","mean.bfSC",36.4269147217235
"3GOL_A","median.bfSC",35.2675
"3GOL_A","sd.bfSC",8.37001752274353
"3GOL_A","r.bfSC.hbe",0.305318507636527
"3GOL_A","r.bfSC.hpshh",0.271561255845102
"3GOL_A","r.bfSC.rsa",0.387492890079051
"3GOL_A","r.bfSC.seqent",-0.0333772159566451
"3GOL_A","r.bfSC.varea",0.311382965675491
"3GOL_A","r.bfSC.veccentricity",0.245492819389798
"3GOL_A","r.bfSC.vedge",0.288301441451667
"3GOL_A","r.bfSC.vnfaces",0.16645692092076
"3GOL_A","r.bfSC.vsphericity",-0.214729432364242
"3GOL_A","r.bfSC.vsphericitym",-0.236576396295357
"3GOL_A","r.bfSC.vvolume",0.316340308666826
"3GOL_A","r.bfSC.wcnSC",-0.211621730545776
"3GOL_A","sum.hbe",-433.85
"3GOL_A","mean.hbe",-0.778904847396768
"3GOL_A","median.hbe",-0.75
"3GOL_A","sd.hbe",0.432097177895812
"3GOL_A","r.hbe.hpshh",0.175254605823667
"3GOL_A","r.hbe.rsa",0.401557519127797
"3GOL_A","r.hbe.seqent",-0.00382547754586955
"3GOL_A","r.hbe.varea",0.307432710115082
"3GOL_A","r.hbe.veccentricity",0.308288637012951
"3GOL_A","r.hbe.vedge",0.242564897416611
"3GOL_A","r.hbe.vnfaces",0.00580061072898168
"3GOL_A","r.hbe.vsphericity",-0.282256992321276
"3GOL_A","r.hbe.vsphericitym",-0.319732817550316
"3GOL_A","r.hbe.vvolume",0.290178028316992
"3GOL_A","r.hbe.wcnSC",-0.248109270076667
"3GOL_A","sum.hpshh",543.45
"3GOL_A","mean.hpshh",0.975673249551167
"3GOL_A","median.hpshh",0.68
"3GOL_A","sd.hpshh",1.26969737552545
"3GOL_A","r.hpshh.rsa",0.464749094177181
"3GOL_A","r.hpshh.seqent",0.0188718499179962
"3GOL_A","r.hpshh.varea",0.423217300976768
"3GOL_A","r.hpshh.veccentricity",0.423957830435894
"3GOL_A","r.hpshh.vedge",0.400780069151205
"3GOL_A","r.hpshh.vnfaces",0.0630171603489371
"3GOL_A","r.hpshh.vsphericity",-0.423338222919837
"3GOL_A","r.hpshh.vsphericitym",-0.442436060446515
"3GOL_A","r.hpshh.vvolume",0.407386572638094
"3GOL_A","r.hpshh.wcnSC",-0.341901313394631
"3GOL_A","sum.rsa",120.014913335953
"3GOL_A","mean.rsa",0.215466630764728
"3GOL_A","median.rsa",0.138364779874
"3GOL_A","sd.rsa",0.217071448304588
"3GOL_A","r.rsa.seqent",-0.00365463496976093
"3GOL_A","r.rsa.varea",0.929646690727196
"3GOL_A","r.rsa.veccentricity",0.865789471562368
"3GOL_A","r.rsa.vedge",0.861345863048692
"3GOL_A","r.rsa.vnfaces",0.115783100785866
"3GOL_A","r.rsa.vsphericity",-0.77990750992734
"3GOL_A","r.rsa.vsphericitym",-0.828984118061102
"3GOL_A","r.rsa.vvolume",0.914185461662887
"3GOL_A","r.rsa.wcnSC",-0.784927647626323
"3GOL_A","sum.seqent",100.866634410498
"3GOL_A","mean.seqent",0.18108911025224
"3GOL_A","median.seqent",0.0155290063586
"3GOL_A","sd.seqent",0.330624286482055
"3GOL_A","r.seqent.varea",-0.00811321547267468
"3GOL_A","r.seqent.veccentricity",0.0236188450958174
"3GOL_A","r.seqent.vedge",-0.0233005567574632
"3GOL_A","r.seqent.vnfaces",-0.0558791609417773
"3GOL_A","r.seqent.vsphericity",-0.00514713256550843
"3GOL_A","r.seqent.vsphericitym",-0.0102080199447806
"3GOL_A","r.seqent.vvolume",-0.00850700837576327
"3GOL_A","r.seqent.wcnSC",-0.0277027124080757
"3GOL_A","sum.varea",1437.46197385378
"3GOL_A","mean.varea",2.58072167657771
"3GOL_A","median.varea",2.31939132935851
"3GOL_A","sd.varea",0.517755140503073
"3GOL_A","r.varea.veccentricity",0.900310874251893
"3GOL_A","r.varea.vedge",0.946545989015239
"3GOL_A","r.varea.vnfaces",0.144586569462232
"3GOL_A","r.varea.vsphericity",-0.789359778754861
"3GOL_A","r.varea.vsphericitym",-0.838227408459518
"3GOL_A","r.varea.vvolume",0.992815494395741
"3GOL_A","r.varea.wcnSC",-0.83237823941345
"3GOL_A","sum.veccentricity",3572.67149031244
"3GOL_A","mean.veccentricity",6.41413193951964
"3GOL_A","median.veccentricity",0.982155559115
"3GOL_A","sd.veccentricity",10.2869775439152
"3GOL_A","r.veccentricity.vedge",0.859064830142025
"3GOL_A","r.veccentricity.vnfaces",0.0807744056291222
"3GOL_A","r.veccentricity.vsphericity",-0.762621870998018
"3GOL_A","r.veccentricity.vsphericitym",-0.8063182164062
"3GOL_A","r.veccentricity.vvolume",0.893726928928745
"3GOL_A","r.veccentricity.wcnSC",-0.798587122078558
"3GOL_A","sum.vedge",1194.21906747945
"3GOL_A","mean.vedge",2.14401986980152
"3GOL_A","median.vedge",2.01001146216064
"3GOL_A","sd.vedge",0.276064921114122
"3GOL_A","r.vedge.vnfaces",0.346071596719026
"3GOL_A","r.vedge.vsphericity",-0.657242596494415
"3GOL_A","r.vedge.vsphericitym",-0.711643646222768
"3GOL_A","r.vedge.vvolume",0.967045040640535
"3GOL_A","r.vedge.wcnSC",-0.739541221600816
"3GOL_A","sum.vnfaces",7840
"3GOL_A","mean.vnfaces",14.0754039497307
"3GOL_A","median.vnfaces",14
"3GOL_A","sd.vnfaces",2.37524441533378
"3GOL_A","r.vnfaces.vsphericity",0.199269483120102
"3GOL_A","r.vnfaces.vsphericitym",0.118736743905092
"3GOL_A","r.vnfaces.vvolume",0.199905455449294
"3GOL_A","r.vnfaces.wcnSC",0.0818671962021036
"3GOL_A","sum.vsphericity",438.572814288943
"3GOL_A","mean.vsphericity",0.78738386766417
"3GOL_A","median.vsphericity",0.820632919396377
"3GOL_A","sd.vsphericity",0.0892039520778494
"3GOL_A","r.vsphericity.vsphericitym",0.947014300298916
"3GOL_A","r.vsphericity.vvolume",-0.732625066900063
"3GOL_A","r.vsphericity.wcnSC",0.779977581611088
"3GOL_A","sum.vsphericitym",295.069265449668
"3GOL_A","mean.vsphericitym",0.529747334739081
"3GOL_A","median.vsphericitym",0.819702001916049
"3GOL_A","sd.vsphericitym",0.589837933003503
"3GOL_A","r.vsphericitym.vvolume",-0.785918461372417
"3GOL_A","r.vsphericitym.wcnSC",0.828385302414233
"3GOL_A","sum.vvolume",1494.99089336484
"3GOL_A","mean.vvolume",2.68400519455087
"3GOL_A","median.vvolume",2.33398301043158
"3GOL_A","sd.vvolume",0.722751062094073
"3GOL_A","r.vvolume.wcnSC",-0.808766170744985
"3GOL_A","sum.wcnSC",675.22303798588
"3GOL_A","mean.wcnSC",1.21224961936424
"3GOL_A","median.wcnSC",1.23490224217
"3GOL_A","sd.wcnSC",0.264242499108762
"3LYF_A","sum.bfSC",6745.9841666666
"3LYF_A","mean.bfSC",27.6474760928959
"3LYF_A","median.bfSC",24.7425
"3LYF_A","sd.bfSC",10.1699795320653
"3LYF_A","r.bfSC.hbe",0.303502030460023
"3LYF_A","r.bfSC.hpshh",0.372261225739111
"3LYF_A","r.bfSC.rsa",0.600983721617153
"3LYF_A","r.bfSC.seqent",-0.00468882697145826
"3LYF_A","r.bfSC.varea",0.584360299096985
"3LYF_A","r.bfSC.veccentricity",0.556153977849326
"3LYF_A","r.bfSC.vedge",0.530104537690483
"3LYF_A","r.bfSC.vnfaces",-0.0256335719730389
"3LYF_A","r.bfSC.vsphericity",-0.522096982411111
"3LYF_A","r.bfSC.vsphericitym",-0.579855300622125
"3LYF_A","r.bfSC.vvolume",0.574647312562208
"3LYF_A","r.bfSC.wcnSC",-0.654407304813642
"3LYF_A","sum.hbe",-190.425
"3LYF_A","mean.hbe",-0.780430327868852
"3LYF_A","median.hbe",-0.775
"3LYF_A","sd.hbe",0.390951828969219
"3LYF_A","r.hbe.hpshh",0.185927482539494
"3LYF_A","r.hbe.rsa",0.384701211003356
"3LYF_A","r.hbe.seqent",0.0143990511288181
"3LYF_A","r.hbe.varea",0.316733410485969
"3LYF_A","r.hbe.veccentricity",0.296261280823714
"3LYF_A","r.hbe.vedge",0.270041073586569
"3LYF_A","r.hbe.vnfaces",0.057554017528174
"3LYF_A","r.hbe.vsphericity",-0.255408326404261
"3LYF_A","r.hbe.vsphericitym",-0.320505005410225
"3LYF_A","r.hbe.vvolume",0.307140611433905
"3LYF_A","r.hbe.wcnSC",-0.271675885845884
"3LYF_A","sum.hpshh",251.9
"3LYF_A","mean.hpshh",1.03237704918033
"3LYF_A","median.hpshh",0.68
"3LYF_A","sd.hpshh",1.29935884998521
"3LYF_A","r.hpshh.rsa",0.466265523996893
"3LYF_A","r.hpshh.seqent",-0.00231078497996695
"3LYF_A","r.hpshh.varea",0.492110249163359
"3LYF_A","r.hpshh.veccentricity",0.513538074619992
"3LYF_A","r.hpshh.vedge",0.476702127276801
"3LYF_A","r.hpshh.vnfaces",-0.0773665312161775
"3LYF_A","r.hpshh.vsphericity",-0.532811479851546
"3LYF_A","r.hpshh.vsphericitym",-0.528363898383431
"3LYF_A","r.hpshh.vvolume",0.476595275985361
"3LYF_A","r.hpshh.wcnSC",-0.47427685145249
"3LYF_A","sum.rsa",58.7882869021791
"3LYF_A","mean.rsa",0.240935602058111
"3LYF_A","median.rsa",0.207828157862
"3LYF_A","sd.rsa",0.217763952430058
"3LYF_A","r.rsa.seqent",-0.0175955834252718
"3LYF_A","r.rsa.varea",0.933248588045534
"3LYF_A","r.rsa.veccentricity",0.882120260381323
"3LYF_A","r.rsa.vedge",0.891880032113486
"3LYF_A","r.rsa.vnfaces",0.108902492424165
"3LYF_A","r.rsa.vsphericity",-0.808794948059007
"3LYF_A","r.rsa.vsphericitym",-0.898719899270701
"3LYF_A","r.rsa.vvolume",0.925810010116043
"3LYF_A","r.rsa.wcnSC",-0.863450580031201
"3LYF_A","sum.seqent",12.425590027555
"3LYF_A","mean.seqent",0.0509245492932582
"3LYF_A","median.seqent",0
"3LYF_A","sd.seqent",0.152384248925589
"3LYF_A","r.seqent.varea",-0.00762695735879713
"3LYF_A","r.seqent.veccentricity",-0.0278503156663347
"3LYF_A","r.seqent.vedge",-0.019158477538264
"3LYF_A","r.seqent.vnfaces",-0.00677579106533346
"3LYF_A","r.seqent.vsphericity",0.00594257048161283
"3LYF_A","r.seqent.vsphericitym",0.0369145271954847
"3LYF_A","r.seqent.vvolume",-0.0105242367348207
"3LYF_A","r.seqent.wcnSC",-0.00331653432040423
"3LYF_A","sum.varea",660.586130895843
"3LYF_A","mean.varea",2.70732020858952
"3LYF_A","median.varea",2.3880032930806
"3LYF_A","sd.varea",0.590663423887095
"3LYF_A","r.varea.veccentricity",0.928354584092289
"3LYF_A","r.varea.vedge",0.963853470957296
"3LYF_A","r.varea.vnfaces",0.0902686731045708
"3LYF_A","r.varea.vsphericity",-0.817457426200595
"3LYF_A","r.varea.vsphericitym",-0.924605859344345
"3LYF_A","r.varea.vvolume",0.996003452990182
"3LYF_A","r.varea.wcnSC",-0.920293751987741
"3LYF_A","sum.veccentricity",2168.07055682735
"3LYF_A","mean.veccentricity",8.88553506896456
"3LYF_A","median.veccentricity",1.44888147169
"3LYF_A","sd.veccentricity",11.5743228486151
"3LYF_A","r.veccentricity.vedge",0.910090083392191
"3LYF_A","r.veccentricity.vnfaces",0.0707737268340103
"3LYF_A","r.veccentricity.vsphericity",-0.801897492451747
"3LYF_A","r.veccentricity.vsphericitym",-0.890674861322793
"3LYF_A","r.veccentricity.vvolume",0.923676525862318
"3LYF_A","r.veccentricity.wcnSC",-0.860522326720609
"3LYF_A","sum.vedge",538.272616520602
"3LYF_A","mean.vedge",2.20603531360903
"3LYF_A","median.vedge",2.03889301402694
"3LYF_A","sd.vedge",0.309762948791722
"3LYF_A","r.vedge.vnfaces",0.246708313769978
"3LYF_A","r.vedge.vsphericity",-0.747662416514876
"3LYF_A","r.vedge.vsphericitym",-0.857735978422942
"3LYF_A","r.vedge.vvolume",0.973575538290605
"3LYF_A","r.vedge.wcnSC",-0.858318360738345
"3LYF_A","sum.vnfaces",3340
"3LYF_A","mean.vnfaces",13.6885245901639
"3LYF_A","median.vnfaces",14
"3LYF_A","sd.vnfaces",2.25743204998471
"3LYF_A","r.vnfaces.vsphericity",0.194473559483336
"3LYF_A","r.vnfaces.vsphericitym",0.0494185073723726
"3LYF_A","r.vnfaces.vvolume",0.121357405317998
"3LYF_A","r.vnfaces.wcnSC",0.064161922521817
"3LYF_A","sum.vsphericity",186.401036921288
"3LYF_A","mean.vsphericity",0.763938675906916
"3LYF_A","median.vsphericity",0.794257225887157
"3LYF_A","sd.vsphericity",0.103458726028289
"3LYF_A","r.vsphericity.vsphericitym",0.877175156644321
"3LYF_A","r.vsphericity.vvolume",-0.786365645225911
"3LYF_A","r.vsphericity.wcnSC",0.80332494868014
"3LYF_A","sum.vsphericitym",94.2553040541754
"3LYF_A","mean.vsphericitym",0.386292229730227
"3LYF_A","median.vsphericitym",0.787173139364496
"3LYF_A","sd.vsphericitym",0.668484776438649
"3LYF_A","r.vsphericitym.vvolume",-0.902293595033642
"3LYF_A","r.vsphericitym.wcnSC",0.899234642247913
"3LYF_A","sum.vvolume",695.962730994057
"3LYF_A","mean.vvolume",2.85230627456581
"3LYF_A","median.vvolume",2.40701373382317
"3LYF_A","sd.vvolume",0.824333022844654
"3LYF_A","r.vvolume.wcnSC",-0.911221805054748
"3LYF_A","sum.wcnSC",220.125783759235
"3LYF_A","mean.wcnSC",0.902154851472275
"3LYF_A","median.wcnSC",0.8919309748455
"3LYF_A","sd.wcnSC",0.215257850485832
"4AQF_B","sum.bfSC",45361.7229523806
"4AQF_B","mean.bfSC",95.6998374522798
"4AQF_B","median.bfSC",92.525
"4AQF_B","sd.bfSC",24.1979267433438
"4AQF_B","r.bfSC.hbe",0.197513919574219
"4AQF_B","r.bfSC.hpshh",0.431502337396064
"4AQF_B","r.bfSC.rsa",0.488190002528975
"4AQF_B","r.bfSC.seqent",0.143465887828926
"4AQF_B","r.bfSC.varea",0.507203612577123
"4AQF_B","r.bfSC.veccentricity",0.49236580763205
"4AQF_B","r.bfSC.vedge",0.476112793820003
"4AQF_B","r.bfSC.vnfaces",0.0319970987025739
"4AQF_B","r.bfSC.vsphericity",-0.45910577943999
"4AQF_B","r.bfSC.vsphericitym",-0.51521050929068
"4AQF_B","r.bfSC.vvolume",0.49523709989494
"4AQF_B","r.bfSC.wcnSC",-0.417678792095937
"4AQF_B","sum.hbe",-402.025
"4AQF_B","mean.hbe",-0.848154008438819
"4AQF_B","median.hbe",-0.85
"4AQF_B","sd.hbe",0.436069339476738
"4AQF_B","r.hbe.hpshh",0.120064971465353
"4AQF_B","r.hbe.rsa",0.260159448598407
"4AQF_B","r.hbe.seqent",-0.0103045098310067
"4AQF_B","r.hbe.varea",0.214765216905273
"4AQF_B","r.hbe.veccentricity",0.217854233233854
"4AQF_B","r.hbe.vedge",0.179089577496074
"4AQF_B","r.hbe.vnfaces",0.0170375519478535
"4AQF_B","r.hbe.vsphericity",-0.235587464684703
"4AQF_B","r.hbe.vsphericitym",-0.262666749825906
"4AQF_B","r.hbe.vvolume",0.199494328771493
"4AQF_B","r.hbe.wcnSC",-0.129385700443997
"4AQF_B","sum.hpshh",521.73
"4AQF_B","mean.hpshh",1.10069620253165
"4AQF_B","median.hpshh",0.74
"4AQF_B","sd.hpshh",1.31399047677336
"4AQF_B","r.hpshh.rsa",0.511619609241956
"4AQF_B","r.hpshh.seqent",0.0489231830041914
"4AQF_B","r.hpshh.varea",0.501923224615931
"4AQF_B","r.hpshh.veccentricity",0.521252953156031
"4AQF_B","r.hpshh.vedge",0.498394235496356
"4AQF_B","r.hpshh.vnfaces",0.102758177104906
"4AQF_B","r.hpshh.vsphericity",-0.506204506239463
"4AQF_B","r.hpshh.vsphericitym",-0.53857109241251
"4AQF_B","r.hpshh.vvolume",0.489143650802907
"4AQF_B","r.hpshh.wcnSC",-0.396601088549024
"4AQF_B","sum.rsa",112.519317862464
"4AQF_B","mean.rsa",0.237382527136
"4AQF_B","median.rsa",0.192353908424
"4AQF_B","sd.rsa",0.21494639254906
"4AQF_B","r.rsa.seqent",0.132589308796691
"4AQF_B","r.rsa.varea",0.924578216718266
"4AQF_B","r.rsa.veccentricity",0.864002926636123
"4AQF_B","r.rsa.vedge",0.888370367060983
"4AQF_B","r.rsa.vnfaces",0.128484803727899
"4AQF_B","r.rsa.vsphericity",-0.756038149123568
"4AQF_B","r.rsa.vsphericitym",-0.821700665789311
"4AQF_B","r.rsa.vvolume",0.921334671899567
"4AQF_B","r.rsa.wcnSC",-0.811827437774614
"4AQF_B","sum.seqent",51.2340868543108
"4AQF_B","mean.seqent",0.108088790831879
"4AQF_B","median.seqent",0
"4AQF_B","sd.seqent",0.168386761074217
"4AQF_B","r.seqent.varea",0.168910712381249
"4AQF_B","r.seqent.veccentricity",0.182402241550907
"4AQF_B","r.seqent.vedge",0.155606092255398
"4AQF_B","r.seqent.vnfaces",0.0112188976374385
"4AQF_B","r.seqent.vsphericity",-0.17321628915667
"4AQF_B","r.seqent.vsphericitym",-0.172452072833855
"4AQF_B","r.seqent.vvolume",0.16320920038272
"4AQF_B","r.seqent.wcnSC",-0.221846412655362
"4AQF_B","sum.varea",1252.03063759333
"4AQF_B","mean.varea",2.64141484724331
"4AQF_B","median.varea",2.36527488451145
"4AQF_B","sd.varea",0.54963391801638
"4AQF_B","r.varea.veccentricity",0.921274301980498
"4AQF_B","r.varea.vedge",0.965038783164994
"4AQF_B","r.varea.vnfaces",0.134925760440212
"4AQF_B","r.varea.vsphericity",-0.812107446339509
"4AQF_B","r.varea.vsphericitym",-0.873296815512703
"4AQF_B","r.varea.vvolume",0.995158350819447
"4AQF_B","r.varea.wcnSC",-0.873946868402038
"4AQF_B","sum.veccentricity",3567.25291543201
"4AQF_B","mean.veccentricity",7.52585003255698
"4AQF_B","median.veccentricity",1.17361498611
"4AQF_B","sd.veccentricity",11.1862362962898
"4AQF_B","r.veccentricity.vedge",0.896133852977508
"4AQF_B","r.veccentricity.vnfaces",0.0771565331463557
"4AQF_B","r.veccentricity.vsphericity",-0.803836934643994
"4AQF_B","r.veccentricity.vsphericitym",-0.855953057369787
"4AQF_B","r.veccentricity.vvolume",0.915074061412143
"4AQF_B","r.veccentricity.wcnSC",-0.819392568449786
"4AQF_B","sum.vedge",1031.02877256804
"4AQF_B","mean.vedge",2.17516618685241
"4AQF_B","median.vedge",2.02721692280363
"4AQF_B","sd.vedge",0.292214917665814
"4AQF_B","r.vedge.vnfaces",0.290361602643016
"4AQF_B","r.vedge.vsphericity",-0.733038411319867
"4AQF_B","r.vedge.vsphericitym",-0.79676759538743
"4AQF_B","r.vedge.vvolume",0.975762231846127
"4AQF_B","r.vedge.wcnSC",-0.812092234493425
"4AQF_B","sum.vnfaces",6692
"4AQF_B","mean.vnfaces",14.1181434599156
"4AQF_B","median.vnfaces",14
"4AQF_B","sd.vnfaces",2.53240477104421
"4AQF_B","r.vnfaces.vsphericity",0.150816759043808
"4AQF_B","r.vnfaces.vsphericitym",0.0528363897288479
"4AQF_B","r.vnfaces.vvolume",0.169827864689432
"4AQF_B","r.vnfaces.wcnSC",0.0458044493754066
"4AQF_B","sum.vsphericity",367.068723519764
"4AQF_B","mean.vsphericity",0.774406589704143
"4AQF_B","median.vsphericity",0.815299908551308
"4AQF_B","sd.vsphericity",0.103349842453722
"4AQF_B","r.vsphericity.vsphericitym",0.929400808199749
"4AQF_B","r.vsphericity.vvolume",-0.771423182088513
"4AQF_B","r.vsphericity.wcnSC",0.77963229587604
"4AQF_B","sum.vsphericitym",234.177269089669
"4AQF_B","mean.vsphericitym",0.494044871497193
"4AQF_B","median.vsphericitym",0.815299908551308
"4AQF_B","sd.vsphericitym",0.605853341529664
"4AQF_B","r.vsphericitym.vvolume",-0.838773465400712
"4AQF_B","r.vsphericitym.wcnSC",0.833961235145562
"4AQF_B","sum.vvolume",1309.28900456143
"4AQF_B","mean.vvolume",2.76221308979204
"4AQF_B","median.vvolume",2.38950492640986
"4AQF_B","sd.vvolume",0.761357986689969
"4AQF_B","r.vvolume.wcnSC",-0.863850251423661
"4AQF_B","sum.wcnSC",516.964321931311
"4AQF_B","mean.wcnSC",1.09064202939095
"4AQF_B","median.wcnSC",1.0880246902
"4AQF_B","sd.wcnSC",0.270579674641137
"4GHA_A","sum.bfSC",2050.88547619046
"4GHA_A","mean.bfSC",16.8105366900857
"4GHA_A","median.bfSC",15.62275
"4GHA_A","sd.bfSC",6.08177792577725
"4GHA_A","r.bfSC.hbe",0.0414836968220024
"4GHA_A","r.bfSC.hpshh",0.319785374041164
"4GHA_A","r.bfSC.rsa",0.399261335886942
"4GHA_A","r.bfSC.seqent",-0.162640305826285
"4GHA_A","r.bfSC.varea",0.465047807402975
"4GHA_A","r.bfSC.veccentricity",0.479835305275744
"4GHA_A","r.bfSC.vedge",0.455801903705097
"4GHA_A","r.bfSC.vnfaces",-0.136051141312085
"4GHA_A","r.bfSC.vsphericity",-0.329911555893062
"4GHA_A","r.bfSC.vsphericitym",-0.478652305445922
"4GHA_A","r.bfSC.vvolume",0.462572760272986
"4GHA_A","r.bfSC.wcnSC",-0.535069501240732
"4GHA_A","sum.hbe",-99.125
"4GHA_A","mean.hbe",-0.8125
"4GHA_A","median.hbe",-0.8
"4GHA_A","sd.hbe",0.459498581369945
"4GHA_A","r.hbe.hpshh",0.267972025585933
"4GHA_A","r.hbe.rsa",0.522045244285005
"4GHA_A","r.hbe.seqent",-0.193337038360001
"4GHA_A","r.hbe.varea",0.490534814387926
"4GHA_A","r.hbe.veccentricity",0.475709788663505
"4GHA_A","r.hbe.vedge",0.452333516216881
"4GHA_A","r.hbe.vnfaces",-0.0456656437997938
"4GHA_A","r.hbe.vsphericity",-0.428035018089741
"4GHA_A","r.hbe.vsphericitym",-0.510694866092106
"4GHA_A","r.hbe.vvolume",0.474866894224324
"4GHA_A","r.hbe.wcnSC",-0.475544515244058
"4GHA_A","sum.hpshh",114.72
"4GHA_A","mean.hpshh",0.940327868852459
"4GHA_A","median.hpshh",0.71
"4GHA_A","sd.hpshh",1.29120734994006
"4GHA_A","r.hpshh.rsa",0.546072275414453
"4GHA_A","r.hpshh.seqent",-0.226467475509517
"4GHA_A","r.hpshh.varea",0.59168280862141
"4GHA_A","r.hpshh.veccentricity",0.560746682962188
"4GHA_A","r.hpshh.vedge",0.555876156591935
"4GHA_A","r.hpshh.vnfaces",-0.172554023553862
"4GHA_A","r.hpshh.vsphericity",-0.402027162390341
"4GHA_A","r.hpshh.vsphericitym",-0.592256006622807
"4GHA_A","r.hpshh.vvolume",0.585652633115382
"4GHA_A","r.hpshh.wcnSC",-0.601834708484305
"4GHA_A","sum.rsa",35.5026666502502
"4GHA_A","mean.rsa",0.291005464346313
"4GHA_A","median.rsa",0.255070799847
"4GHA_A","sd.rsa",0.23347750174075
"4GHA_A","r.rsa.seqent",-0.0969346086695527
"4GHA_A","r.rsa.varea",0.95428305064146
"4GHA_A","r.rsa.veccentricity",0.891986308089527
"4GHA_A","r.rsa.vedge",0.930773785177945
"4GHA_A","r.rsa.vnfaces",0.0203384093130262
"4GHA_A","r.rsa.vsphericity",-0.658722409088266
"4GHA_A","r.rsa.vsphericitym",-0.913630441224807
"4GHA_A","r.rsa.vvolume",0.951743295981736
"4GHA_A","r.rsa.wcnSC",-0.914331519334002
"4GHA_A","sum.seqent",4.7113833524156
"4GHA_A","mean.seqent",0.0386178963312754
"4GHA_A","median.seqent",0
"4GHA_A","sd.seqent",0.1265064505374
"4GHA_A","r.seqent.varea",-0.112618921616768
"4GHA_A","r.seqent.veccentricity",-0.135433696037215
"4GHA_A","r.seqent.vedge",-0.0664591789548969
"4GHA_A","r.seqent.vnfaces",0.116761110755273
"4GHA_A","r.seqent.vsphericity",0.111081770538899
"4GHA_A","r.seqent.vsphericitym",0.145088155614522
"4GHA_A","r.seqent.vvolume",-0.102130126026607
"4GHA_A","r.seqent.wcnSC",0.145630679524358
"4GHA_A","sum.varea",347.091890804438
"4GHA_A","mean.varea",2.84501549839703
"4GHA_A","median.varea",2.54439300651751
"4GHA_A","sd.varea",0.624560632055283
"4GHA_A","r.varea.veccentricity",0.949877900079638
"4GHA_A","r.varea.vedge",0.9814553517436
"4GHA_A","r.varea.vnfaces",-0.0148951444731283
"4GHA_A","r.varea.vsphericity",-0.693986868062692
"4GHA_A","r.varea.vsphericitym",-0.954398405926885
"4GHA_A","r.varea.vvolume",0.997310166842354
"4GHA_A","r.varea.wcnSC",-0.937578687533251
"4GHA_A","sum.veccentricity",1363.15583673727
"4GHA_A","mean.veccentricity",11.1734084978465
"4GHA_A","median.veccentricity",3.341266938135
"4GHA_A","sd.veccentricity",12.017622717129
"4GHA_A","r.veccentricity.vedge",0.935133384662664
"4GHA_A","r.veccentricity.vnfaces",-0.0575909858491045
"4GHA_A","r.veccentricity.vsphericity",-0.728168236837496
"4GHA_A","r.veccentricity.vsphericitym",-0.927467029717039
"4GHA_A","r.veccentricity.vvolume",0.943850558949974
"4GHA_A","r.veccentricity.wcnSC",-0.869427435637315
"4GHA_A","sum.vedge",276.272894174747
"4GHA_A","mean.vedge",2.26453191946514
"4GHA_A","median.vedge",2.14909412865732
"4GHA_A","sd.vedge",0.318066099999928
"4GHA_A","r.vedge.vnfaces",0.115031245028254
"4GHA_A","r.vedge.vsphericity",-0.658582847852594
"4GHA_A","r.vedge.vsphericitym",-0.921472733220761
"4GHA_A","r.vedge.vvolume",0.985744545157144
"4GHA_A","r.vedge.wcnSC",-0.898559584430691
"4GHA_A","sum.vnfaces",1574
"4GHA_A","mean.vnfaces",12.9016393442623
"4GHA_A","median.vnfaces",13
"4GHA_A","sd.vnfaces",1.99341824477567
"4GHA_A","r.vnfaces.vsphericity",0.178289553667674
"4GHA_A","r.vnfaces.vsphericitym",0.0940031998287262
"4GHA_A","r.vnfaces.vvolume",0.0129993379132473
"4GHA_A","r.vnfaces.wcnSC",0.118963536373307
"4GHA_A","sum.vsphericity",92.6012853943404
"4GHA_A","mean.vsphericity",0.759026929461807
"4GHA_A","median.vsphericity",0.765055979836357
"4GHA_A","sd.vsphericity",0.0907361627886947
"4GHA_A","r.vsphericity.vsphericitym",0.70862564065283
"4GHA_A","r.vsphericity.vvolume",-0.66965280003701
"4GHA_A","r.vsphericity.wcnSC",0.650242382385889
"4GHA_A","sum.vsphericitym",26.5925833292019
"4GHA_A","mean.vsphericitym",0.217971994501655
"4GHA_A","median.vsphericitym",0.722211387991381
"4GHA_A","sd.vsphericitym",0.735670999103846
"4GHA_A","r.vsphericitym.vvolume",-0.943467241202692
"4GHA_A","r.vsphericitym.wcnSC",0.923970907504767
"4GHA_A","sum.vvolume",372.869132988032
"4GHA_A","mean.vvolume",3.05630436875436
"4GHA_A","median.vvolume",2.64157310930529
"4GHA_A","sd.vvolume",0.894398189030379
"4GHA_A","r.vvolume.wcnSC",-0.932450160431695
"4GHA_A","sum.wcnSC",80.936233673821
"4GHA_A","mean.wcnSC",0.663411751424762
"4GHA_A","median.wcnSC",0.6540806887015
"4GHA_A","sd.wcnSC",0.161577004167964
"4IRY_A","sum.bfSC",26384.3724761905
"4IRY_A","mean.bfSC",65.3078526638379
"4IRY_A","median.bfSC",63.77
"4IRY_A","sd.bfSC",20.2710935228069
"4IRY_A","r.bfSC.hbe",0.218904852450255
"4IRY_A","r.bfSC.hpshh",0.231038024214928
"4IRY_A","r.bfSC.rsa",0.548492360714434
"4IRY_A","r.bfSC.seqent",0.00889394027589897
"4IRY_A","r.bfSC.varea",0.55873467835856
"4IRY_A","r.bfSC.veccentricity",0.522305647510745
"4IRY_A","r.bfSC.vedge",0.494876684134545
"4IRY_A","r.bfSC.vnfaces",-0.140573917553128
"4IRY_A","r.bfSC.vsphericity",-0.469779426962637
"4IRY_A","r.bfSC.vsphericitym",-0.510575140699728
"4IRY_A","r.bfSC.vvolume",0.552464529401177
"4IRY_A","r.bfSC.wcnSC",-0.725886938955695
"4IRY_A","sum.hbe",-305.45
"4IRY_A","mean.hbe",-0.756064356435644
"4IRY_A","median.hbe",-0.75
"4IRY_A","sd.hbe",0.450978099765742
"4IRY_A","r.hbe.hpshh",0.20626704381719
"4IRY_A","r.hbe.rsa",0.415216604672554
"4IRY_A","r.hbe.seqent",-0.0551359834713552
"4IRY_A","r.hbe.varea",0.347844268690874
"4IRY_A","r.hbe.veccentricity",0.307323835386935
"4IRY_A","r.hbe.vedge",0.310682988063162
"4IRY_A","r.hbe.vnfaces",0.0315266829397777
"4IRY_A","r.hbe.vsphericity",-0.264968514193717
"4IRY_A","r.hbe.vsphericitym",-0.316704780493804
"4IRY_A","r.hbe.vvolume",0.344110163261027
"4IRY_A","r.hbe.wcnSC",-0.271804497738762
"4IRY_A","sum.hpshh",430.96
"4IRY_A","mean.hpshh",1.06673267326733
"4IRY_A","median.hpshh",0.74
"4IRY_A","sd.hpshh",1.30330871849459
"4IRY_A","r.hpshh.rsa",0.42727487240336
"4IRY_A","r.hpshh.seqent",0.0666760623580751
"4IRY_A","r.hpshh.varea",0.442142281143571
"4IRY_A","r.hpshh.veccentricity",0.424753910165548
"4IRY_A","r.hpshh.vedge",0.410368619448957
"4IRY_A","r.hpshh.vnfaces",0.0403546534217121
"4IRY_A","r.hpshh.vsphericity",-0.449753313002697
"4IRY_A","r.hpshh.vsphericitym",-0.460561592940206
"4IRY_A","r.hpshh.vvolume",0.423612361300987
"4IRY_A","r.hpshh.wcnSC",-0.368339084800055
"4IRY_A","sum.rsa",100.40797084057
"4IRY_A","mean.rsa",0.24853458128854
"4IRY_A","median.rsa",0.180940851506
"4IRY_A","sd.rsa",0.240504096482597
"4IRY_A","r.rsa.seqent",-0.0128783959063468
"4IRY_A","r.rsa.varea",0.925365325380447
"4IRY_A","r.rsa.veccentricity",0.860012950269572
"4IRY_A","r.rsa.vedge",0.872176876510519
"4IRY_A","r.rsa.vnfaces",0.0648094317466129
"4IRY_A","r.rsa.vsphericity",-0.77881777096441
"4IRY_A","r.rsa.vsphericitym",-0.846801556873223
"4IRY_A","r.rsa.vvolume",0.917393903591776
"4IRY_A","r.rsa.wcnSC",-0.834650555583273
"4IRY_A","sum.seqent",28.669688945338
"4IRY_A","mean.seqent",0.0709645765973714
"4IRY_A","median.seqent",0.010961156742025
"4IRY_A","sd.seqent",0.150939806142213
"4IRY_A","r.seqent.varea",-0.0193713674447486
"4IRY_A","r.seqent.veccentricity",0.00352917386333284
"4IRY_A","r.seqent.vedge",-0.0168815178130096
"4IRY_A","r.seqent.vnfaces",-0.00295923271084874
"4IRY_A","r.seqent.vsphericity",-0.010521550498375
"4IRY_A","r.seqent.vsphericitym",0.00913420080461495
"4IRY_A","r.seqent.vvolume",-0.0209562586487878
"4IRY_A","r.seqent.wcnSC",0.0216177390222332
"4IRY_A","sum.varea",1062.65432051412
"4IRY_A","mean.varea",2.6303324765201
"4IRY_A","median.varea",2.36283677769442
"4IRY_A","sd.varea",0.536119937437052
"4IRY_A","r.varea.veccentricity",0.918435532552428
"4IRY_A","r.varea.vedge",0.958397096947081
"4IRY_A","r.varea.vnfaces",0.0704203130605096
"4IRY_A","r.varea.vsphericity",-0.813973489987543
"4IRY_A","r.varea.vsphericitym",-0.882665123418876
"4IRY_A","r.varea.vvolume",0.995416253575643
"4IRY_A","r.varea.wcnSC",-0.88910963883816
"4IRY_A","sum.veccentricity",2817.10531466372
"4IRY_A","mean.veccentricity",6.97303295708841
"4IRY_A","median.veccentricity",1.109371792555
"4IRY_A","sd.veccentricity",10.3476292041779
"4IRY_A","r.veccentricity.vedge",0.89291316228397
"4IRY_A","r.veccentricity.vnfaces",0.0322993947388863
"4IRY_A","r.veccentricity.vsphericity",-0.787172662675697
"4IRY_A","r.veccentricity.vsphericitym",-0.846488883793259
"4IRY_A","r.veccentricity.vvolume",0.915623605668507
"4IRY_A","r.veccentricity.wcnSC",-0.827413940732369
"4IRY_A","sum.vedge",876.041696286526
"4IRY_A","mean.vedge",2.16842004031318
"4IRY_A","median.vedge",2.02001926363899
"4IRY_A","sd.vedge",0.284936366668628
"4IRY_A","r.vedge.vnfaces",0.254864126970306
"4IRY_A","r.vedge.vsphericity",-0.70859969371627
"4IRY_A","r.vedge.vsphericitym",-0.782900341316183
"4IRY_A","r.vedge.vvolume",0.97067533336224
"4IRY_A","r.vedge.wcnSC",-0.813959658993194
"4IRY_A","sum.vnfaces",5668
"4IRY_A","mean.vnfaces",14.029702970297
"4IRY_A","median.vnfaces",14
"4IRY_A","sd.vnfaces",2.53003965501952
"4IRY_A","r.vnfaces.vsphericity",0.240520620713391
"4IRY_A","r.vnfaces.vsphericitym",0.130658325183958
"4IRY_A","r.vnfaces.vvolume",0.112440136662039
"4IRY_A","r.vnfaces.wcnSC",0.107412310347065
"4IRY_A","sum.vsphericity",314.031068711605
"4IRY_A","mean.vsphericity",0.777304625523774
"4IRY_A","median.vsphericity",0.807791134066593
"4IRY_A","sd.vsphericity",0.0941915641299722
"4IRY_A","r.vsphericity.vsphericitym",0.929529081940452
"4IRY_A","r.vsphericity.vvolume",-0.771691993387147
"4IRY_A","r.vsphericity.wcnSC",0.77839980854992
"4IRY_A","sum.vsphericitym",195.761156091236
"4IRY_A","mean.vsphericitym",0.484557317057515
"4IRY_A","median.vsphericitym",0.807354768108219
"4IRY_A","sd.vsphericitym",0.61578842145985
"4IRY_A","r.vsphericitym.vvolume",-0.846183912469093
"4IRY_A","r.vsphericitym.wcnSC",0.839210505004181
"4IRY_A","sum.vvolume",1110.70083085545
"4IRY_A","mean.vvolume",2.74925948231548
"4IRY_A","median.vvolume",2.37981240472888
"4IRY_A","sd.vvolume",0.751436858159026
"4IRY_A","r.vvolume.wcnSC",-0.878997493086665
"4IRY_A","sum.wcnSC",427.886775911447
"4IRY_A","mean.wcnSC",1.05912568294913
"4IRY_A","median.wcnSC",1.06235009675
"4IRY_A","sd.wcnSC",0.272026287391497
"1RD8_X","sum.GSS",6
"1RD8_X","sum.HSS",117
"1RD8_X","sum.ISS",0
"1RD8_X","sum.TSS",38
"1RD8_X","sum.ESS",136
"1RD8_X","sum.BSS",14
"1RD8_X","sum.SSS",60
"1RD8_X","sum.LSS",131
"1RD8_X","sum.helix",123
"1RD8_X","sum.betas",150
"1RD8_X","sum.hbdif",273
"1RD8_X","mean.GSS",0.0119521912350598
"1RD8_X","mean.HSS",0.233067729083665
"1RD8_X","mean.ISS",0
"1RD8_X","mean.TSS",0.0756972111553785
"1RD8_X","mean.ESS",0.270916334661355
"1RD8_X","mean.BSS",0.0278884462151394
"1RD8_X","mean.SSS",0.119521912350598
"1RD8_X","mean.LSS",0.260956175298805
"1RD8_X","mean.helix",0.245019920318725
"1RD8_X","mean.betas",0.298804780876494
"1RD8_X","mean.hbdif",0.543824701195219
"2FP7_B","sum.GSS",3
"2FP7_B","sum.HSS",4
"2FP7_B","sum.ISS",0
"2FP7_B","sum.TSS",20
"2FP7_B","sum.ESS",69
"2FP7_B","sum.BSS",1
"2FP7_B","sum.SSS",10
"2FP7_B","sum.LSS",40
"2FP7_B","sum.helix",7
"2FP7_B","sum.betas",70
"2FP7_B","sum.hbdif",77
"2FP7_B","mean.GSS",0.0204081632653061
"2FP7_B","mean.HSS",0.0272108843537415
"2FP7_B","mean.ISS",0
"2FP7_B","mean.TSS",0.136054421768707
"2FP7_B","mean.ESS",0.469387755102041
"2FP7_B","mean.BSS",0.00680272108843537
"2FP7_B","mean.SSS",0.0680272108843537
"2FP7_B","mean.LSS",0.272108843537415
"2FP7_B","mean.helix",0.0476190476190476
"2FP7_B","mean.betas",0.476190476190476
"2FP7_B","mean.hbdif",0.523809523809524
"2JLY_A","sum.GSS",19
"2JLY_A","sum.HSS",121
"2JLY_A","sum.ISS",0
"2JLY_A","sum.TSS",59
"2JLY_A","sum.ESS",80
"2JLY_A","sum.BSS",2
"2JLY_A","sum.SSS",53
"2JLY_A","sum.LSS",117
"2JLY_A","sum.helix",140
"2JLY_A","sum.betas",82
"2JLY_A","sum.hbdif",222
"2JLY_A","mean.GSS",0.0421286031042129
"2JLY_A","mean.HSS",0.268292682926829
"2JLY_A","mean.ISS",0
"2JLY_A","mean.TSS",0.130820399113082
"2JLY_A","mean.ESS",0.177383592017738
"2JLY_A","mean.BSS",0.00443458980044346
"2JLY_A","mean.SSS",0.117516629711752
"2JLY_A","mean.LSS",0.259423503325942
"2JLY_A","mean.helix",0.310421286031042
"2JLY_A","mean.betas",0.181818181818182
"2JLY_A","mean.hbdif",0.492239467849224
"2Z83_A","sum.GSS",22
"2Z83_A","sum.HSS",115
"2Z83_A","sum.ISS",5
"2Z83_A","sum.TSS",47
"2Z83_A","sum.ESS",76
"2Z83_A","sum.BSS",1
"2Z83_A","sum.SSS",48
"2Z83_A","sum.LSS",112
"2Z83_A","sum.helix",142
"2Z83_A","sum.betas",77
"2Z83_A","sum.hbdif",219
"2Z83_A","mean.GSS",0.0516431924882629
"2Z83_A","mean.HSS",0.269953051643192
"2Z83_A","mean.ISS",0.0117370892018779
"2Z83_A","mean.TSS",0.110328638497653
"2Z83_A","mean.ESS",0.178403755868545
"2Z83_A","mean.BSS",0.00234741784037559
"2Z83_A","mean.SSS",0.112676056338028
"2Z83_A","mean.LSS",0.262910798122066
"2Z83_A","mean.helix",0.333333333333333
"2Z83_A","mean.betas",0.18075117370892
"2Z83_A","mean.hbdif",0.514084507042254
"3GOL_A","sum.GSS",28
"3GOL_A","sum.HSS",240
"3GOL_A","sum.ISS",0
"3GOL_A","sum.TSS",48
"3GOL_A","sum.ESS",72
"3GOL_A","sum.BSS",11
"3GOL_A","sum.SSS",38
"3GOL_A","sum.LSS",120
"3GOL_A","sum.helix",268
"3GOL_A","sum.betas",83
"3GOL_A","sum.hbdif",351
"3GOL_A","mean.GSS",0.0502692998204668
"3GOL_A","mean.HSS",0.430879712746858
"3GOL_A","mean.ISS",0
"3GOL_A","mean.TSS",0.0861759425493716
"3GOL_A","mean.ESS",0.129263913824057
"3GOL_A","mean.BSS",0.0197486535008977
"3GOL_A","mean.SSS",0.0682226211849192
"3GOL_A","mean.LSS",0.215439856373429
"3GOL_A","mean.helix",0.481149012567325
"3GOL_A","mean.betas",0.149012567324955
"3GOL_A","mean.hbdif",0.63016157989228
"3LYF_A","sum.GSS",18
"3LYF_A","sum.HSS",141
"3LYF_A","sum.ISS",0
"3LYF_A","sum.TSS",25
"3LYF_A","sum.ESS",0
"3LYF_A","sum.BSS",4
"3LYF_A","sum.SSS",18
"3LYF_A","sum.LSS",38
"3LYF_A","sum.helix",159
"3LYF_A","sum.betas",4
"3LYF_A","sum.hbdif",163
"3LYF_A","mean.GSS",0.0737704918032787
"3LYF_A","mean.HSS",0.577868852459016
"3LYF_A","mean.ISS",0
"3LYF_A","mean.TSS",0.102459016393443
"3LYF_A","mean.ESS",0
"3LYF_A","mean.BSS",0.0163934426229508
"3LYF_A","mean.SSS",0.0737704918032787
"3LYF_A","mean.LSS",0.155737704918033
"3LYF_A","mean.helix",0.651639344262295
"3LYF_A","mean.betas",0.0163934426229508
"3LYF_A","mean.hbdif",0.668032786885246
"4AQF_B","sum.GSS",32
"4AQF_B","sum.HSS",264
"4AQF_B","sum.ISS",0
"4AQF_B","sum.TSS",45
"4AQF_B","sum.ESS",0
"4AQF_B","sum.BSS",8
"4AQF_B","sum.SSS",40
"4AQF_B","sum.LSS",85
"4AQF_B","sum.helix",296
"4AQF_B","sum.betas",8
"4AQF_B","sum.hbdif",304
"4AQF_B","mean.GSS",0.0675105485232067
"4AQF_B","mean.HSS",0.556962025316456
"4AQF_B","mean.ISS",0
"4AQF_B","mean.TSS",0.0949367088607595
"4AQF_B","mean.ESS",0
"4AQF_B","mean.BSS",0.0168776371308017
"4AQF_B","mean.SSS",0.0843881856540084
"4AQF_B","mean.LSS",0.179324894514768
"4AQF_B","mean.helix",0.624472573839662
"4AQF_B","mean.betas",0.0168776371308017
"4AQF_B","mean.hbdif",0.641350210970464
"4GHA_A","sum.GSS",6
"4GHA_A","sum.HSS",52
"4GHA_A","sum.ISS",0
"4GHA_A","sum.TSS",15
"4GHA_A","sum.ESS",18
"4GHA_A","sum.BSS",0
"4GHA_A","sum.SSS",11
"4GHA_A","sum.LSS",20
"4GHA_A","sum.helix",58
"4GHA_A","sum.betas",18
"4GHA_A","sum.hbdif",76
"4GHA_A","mean.GSS",0.0491803278688525
"4GHA_A","mean.HSS",0.426229508196721
"4GHA_A","mean.ISS",0
"4GHA_A","mean.TSS",0.122950819672131
"4GHA_A","mean.ESS",0.147540983606557
"4GHA_A","mean.BSS",0
"4GHA_A","mean.SSS",0.0901639344262295
"4GHA_A","mean.LSS",0.163934426229508
"4GHA_A","mean.helix",0.475409836065574
"4GHA_A","mean.betas",0.147540983606557
"4GHA_A","mean.hbdif",0.622950819672131
"4IRY_A","sum.GSS",12
"4IRY_A","sum.HSS",187
"4IRY_A","sum.ISS",0
"4IRY_A","sum.TSS",45
"4IRY_A","sum.ESS",30
"4IRY_A","sum.BSS",4
"4IRY_A","sum.SSS",23
"4IRY_A","sum.LSS",103
"4IRY_A","sum.helix",199
"4IRY_A","sum.betas",34
"4IRY_A","sum.hbdif",233
"4IRY_A","mean.GSS",0.0297029702970297
"4IRY_A","mean.HSS",0.462871287128713
"4IRY_A","mean.ISS",0
"4IRY_A","mean.TSS",0.111386138613861
"4IRY_A","mean.ESS",0.0742574257425743
"4IRY_A","mean.BSS",0.0099009900990099
"4IRY_A","mean.SSS",0.0569306930693069
"4IRY_A","mean.LSS",0.254950495049505
"4IRY_A","mean.helix",0.492574257425743
"4IRY_A","mean.betas",0.0841584158415842
"4IRY_A","mean.hbdif",0.576732673267327
"1RD8_X","sum.vsphericitycc",296.392634801103
"1RD8_X","mean.vsphericitycc",0.790380359469607
"1RD8_X","median.vsphericitycc",0.821686513447527
"1RD8_X","sd.vsphericitycc",0.0871061673652066
"1RD8_X","sum.vnfacescc",5054
"1RD8_X","mean.vnfacescc",13.4773333333333
"1RD8_X","median.vnfacescc",14
"1RD8_X","sd.vnfacescc",2.21658631728178
"2FP7_B","sum.vsphericitycc",78.2179540050216
"2FP7_B","mean.vsphericitycc",0.782179540050216
"2FP7_B","median.vsphericitycc",0.81764071187531
"2FP7_B","sd.vsphericitycc",0.0913164904015009
"2FP7_B","sum.vnfacescc",1336
"2FP7_B","mean.vnfacescc",13.36
"2FP7_B","median.vnfacescc",13
"2FP7_B","sd.vnfacescc",2.2134574627478
"2JLY_A","sum.vsphericitycc",284.273897392115
"2JLY_A","mean.vsphericitycc",0.805308491195792
"2JLY_A","median.vsphericitycc",0.827906080751462
"2JLY_A","sd.vsphericitycc",0.0726904854816009
"2JLY_A","sum.vnfacescc",4950
"2JLY_A","mean.vnfacescc",14.0226628895184
"2JLY_A","median.vnfacescc",14
"2JLY_A","sd.vnfacescc",2.30477437818306
"2Z83_A","sum.vsphericitycc",275.004847172157
"2Z83_A","mean.vsphericitycc",0.79711549904973
"2Z83_A","median.vsphericitycc",0.825619080739401
"2Z83_A","sd.vsphericitycc",0.0791778472507458
"2Z83_A","sum.vnfacescc",4768
"2Z83_A","mean.vnfacescc",13.8202898550725
"2Z83_A","median.vnfacescc",14
"2Z83_A","sd.vnfacescc",2.33455959880894
"3GOL_A","sum.vsphericitycc",366.821039869305
"3GOL_A","mean.vsphericitycc",0.813350420996243
"3GOL_A","median.vsphericitycc",0.835923622759247
"3GOL_A","sd.vsphericitycc",0.0689873457336862
"3GOL_A","sum.vnfacescc",6269
"3GOL_A","mean.vnfacescc",13.90022172949
"3GOL_A","median.vnfacescc",14
"3GOL_A","sd.vnfacescc",2.25610774852377
"3LYF_A","sum.vsphericitycc",140.328170487731
"3LYF_A","mean.vsphericitycc",0.801875259929894
"3LYF_A","median.vsphericitycc",0.830015489937131
"3LYF_A","sd.vsphericitycc",0.0858317387046956
"3LYF_A","sum.vnfacescc",2347
"3LYF_A","mean.vnfacescc",13.4114285714286
"3LYF_A","median.vnfacescc",13
"3LYF_A","sd.vnfacescc",2.06833980686207
"4AQF_B","sum.vsphericitycc",300.622996304716
"4AQF_B","mean.vsphericitycc",0.803804802953787
"4AQF_B","median.vsphericitycc",0.839942408733525
"4AQF_B","sd.vsphericitycc",0.0848271386313766
"4AQF_B","sum.vnfacescc",5166
"4AQF_B","mean.vnfacescc",13.8128342245989
"4AQF_B","median.vnfacescc",14
"4AQF_B","sd.vnfacescc",2.26814896345767
"4GHA_A","sum.vsphericitycc",59.5969343617711
"4GHA_A","mean.vsphericitycc",0.794625791490282
"4GHA_A","median.vsphericitycc",0.818828092038255
"4GHA_A","sd.vsphericitycc",0.0863027654800397
"4GHA_A","sum.vnfacescc",962
"4GHA_A","mean.vnfacescc",12.8266666666667
"4GHA_A","median.vnfacescc",13
"4GHA_A","sd.vnfacescc",1.80369990112916
"4IRY_A","sum.vsphericitycc",254.896112401421
"4IRY_A","mean.vsphericitycc",0.804088682654323
"4IRY_A","median.vsphericitycc",0.830360116514004
"4IRY_A","sd.vsphericitycc",0.0783896475970687
"4IRY_A","sum.vnfacescc",4383
"4IRY_A","mean.vnfacescc",13.8264984227129
"4IRY_A","median.vnfacescc",14
"4IRY_A","sd.vnfacescc",2.35561369173995
"1RD8_X","natoms",3951
"2FP7_B","natoms",1115
"2JLY_A","natoms",3604
"2Z83_A","natoms",3364
"3GOL_A","natoms",4337
"3LYF_A","natoms",1910
"4AQF_B","natoms",3733
"4GHA_A","natoms",943
"4IRY_A","natoms",3213
"1RD8_X","contact_orderSC",0.16227
"2FP7_B","contact_orderSC",0.21593
"2JLY_A","contact_orderSC",0.11697
"2Z83_A","contact_orderSC",0.11498
"3GOL_A","contact_orderSC",0.14361
"3LYF_A","contact_orderSC",0.15065
"4AQF_B","contact_orderSC",0.19456
"4GHA_A","contact_orderSC",0.182
"4IRY_A","contact_orderSC",0.1535
"1RD8_X","nres",502
"2FP7_B","nres",147
"2JLY_A","nres",451
"2Z83_A","nres",426
"3GOL_A","nres",557
"3LYF_A","nres",244
"4AQF_B","nres",474
"4GHA_A","nres",122
"4IRY_A","nres",404
"1RD8_X","nchain",1
"2FP7_B","nchain",2
"2JLY_A","nchain",1
"2Z83_A","nchain",4
"3GOL_A","nchain",3
"3LYF_A","nchain",2
"4AQF_B","nchain",1
"4GHA_A","nchain",1
"4IRY_A","nchain",5
"1RD8_X","sum.nssb",0
"2FP7_B","sum.nssb",0
"2JLY_A","sum.nssb",0
"2Z83_A","sum.nssb",0
"3GOL_A","sum.nssb",0
"3LYF_A","sum.nssb",0
"4AQF_B","sum.nssb",0
"4GHA_A","sum.nssb",0
"4IRY_A","sum.nssb",0
"1RD8_X","mean.nssb",0
"2FP7_B","mean.nssb",0
"2JLY_A","mean.nssb",0
"2Z83_A","mean.nssb",0
"3GOL_A","mean.nssb",0
"3LYF_A","mean.nssb",0
"4AQF_B","mean.nssb",0
"4GHA_A","mean.nssb",0
"4IRY_A","mean.nssb",0
"1RD8_X","sum.nhbon",316
"2FP7_B","sum.nhbon",87
"2JLY_A","sum.nhbon",284
"2Z83_A","sum.nhbon",279
"3GOL_A","sum.nhbon",377
"3LYF_A","sum.nhbon",169
"4AQF_B","sum.nhbon",344
"4GHA_A","sum.nhbon",90
"4IRY_A","sum.nhbon",284
"1RD8_X","mean.nhbon",0.629482071713
"2FP7_B","mean.nhbon",0.591836734694
"2JLY_A","mean.nhbon",0.629711751663
"2Z83_A","mean.nhbon",0.654929577465
"3GOL_A","mean.nhbon",0.67684021544
"3LYF_A","mean.nhbon",0.69262295082
"4AQF_B","mean.nhbon",0.725738396624
"4GHA_A","mean.nhbon",0.737704918033
"4IRY_A","mean.nhbon",0.70297029703
"1RD8_X","sum.nhbps",23
"2FP7_B","sum.nhbps",0
"2JLY_A","sum.nhbps",53
"2Z83_A","sum.nhbps",54
"3GOL_A","sum.nhbps",10
"3LYF_A","sum.nhbps",0
"4AQF_B","sum.nhbps",2
"4GHA_A","sum.nhbps",5
"4IRY_A","sum.nhbps",4
"1RD8_X","mean.nhbps",0.0458167330677
"2FP7_B","mean.nhbps",0
"2JLY_A","mean.nhbps",0.117516629712
"2Z83_A","mean.nhbps",0.12676056338
"3GOL_A","mean.nhbps",0.0179533213645
"3LYF_A","mean.nhbps",0
"4AQF_B","mean.nhbps",0.0042194092827
"4GHA_A","mean.nhbps",0.0409836065574
"4IRY_A","mean.nhbps",0.00990099009901
"1RD8_X","sum.nhbas",104
"2FP7_B","sum.nhbas",54
"2JLY_A","sum.nhbas",18
"2Z83_A","sum.nhbas",17
"3GOL_A","sum.nhbas",58
"3LYF_A","sum.nhbas",4
"4AQF_B","sum.nhbas",6
"4GHA_A","sum.nhbas",10
"4IRY_A","sum.nhbas",20
"1RD8_X","mean.nhbas",0.207171314741
"2FP7_B","mean.nhbas",0.367346938776
"2JLY_A","mean.nhbas",0.039911308204
"2Z83_A","mean.nhbas",0.0399061032864
"3GOL_A","mean.nhbas",0.104129263914
"3LYF_A","mean.nhbas",0.016393442623
"4AQF_B","mean.nhbas",0.0126582278481
"4GHA_A","mean.nhbas",0.0819672131148
"4IRY_A","mean.nhbas",0.049504950495
"1RD8_X","sum.nhbpa.dif",-81
"2FP7_B","sum.nhbpa.dif",-54
"2JLY_A","sum.nhbpa.dif",35
"2Z83_A","sum.nhbpa.dif",37
"3GOL_A","sum.nhbpa.dif",-48
"3LYF_A","sum.nhbpa.dif",-4
"4AQF_B","sum.nhbpa.dif",-4
"4GHA_A","sum.nhbpa.dif",-5
"4IRY_A","sum.nhbpa.dif",-16
"1RD8_X","mean.nhbpa.dif",-0.1613545816733
"2FP7_B","mean.nhbpa.dif",-0.367346938776
"2JLY_A","mean.nhbpa.dif",0.077605321508
"2Z83_A","mean.nhbpa.dif",0.0868544600936
"3GOL_A","mean.nhbpa.dif",-0.0861759425495
"3LYF_A","mean.nhbpa.dif",-0.016393442623
"4AQF_B","mean.nhbpa.dif",-0.0084388185654
"4GHA_A","mean.nhbpa.dif",-0.0409836065574
"4IRY_A","mean.nhbpa.dif",-0.03960396039599
